Y1HIANI,1
K4GACAC,2
L1APSHC,3
K2HIJOC,4
H1AMHEC,5
K4ICSTE,6
C1ICRAI,7
C1GACHC,8
F1HINIC,9
C1NDCHC,10
P1AMPEC,11
L1APLOC,12
K2NDAUC,13
P3HILAE,14
C2ICSOS,15
L3AMSOC,16
M1APSHC,17
M4HIAMI,18
M1ICRUSS,19
Y1HIMIND,20
P1GALYNN,21
S1GAKYLE,22
L4AMEMIL,23
C1NDKEVI,24
K2HIANGE,25
P4APMICH,26
L2APHELI,27
K2HIANDR,28
K1NDHELE,29
O1ICGLOR,30
C3GADAVI,31
K3ICELAI,32
L3ICDANI,33
C2APNICK,34
P1APGRAC,35
M1AMASHL,36
Y2GASHAN,37
H1AMJONA,38
P1AMMICH,39
L2GAGLOR,40
K1HIDAVI,41
K1AMJOSH,42
R3HIPEAR,43
J1GAJOEL,44
J3HILOIS,45
HNDJENN,46
K4APMART,47
P3ICSU Y,48
P1HIALEX,49
K2GAJOYC,50
C1HIKAYL,51
P1APEZEK,52
L4AMSEAN,53
K1NDGRAC,54
O1APSHAR,55
C1NDTIMO,56
N1GASARA,57
Z1HIFRAN,58
P1ICJOY,59
L1APJONA,60
L3GANATA,61
C2HIJOSE,62
L3HICASP,63
H4NDKRIS,64
Y1NDESTH,65
S1AMRACH,66
C2ICSARA,67
L4HIJANE,68
K1APCARO,69
C3ICSUN ,70
L4HICARO,71
H2HILEWI,72
K3APJONA,73
K4HIKATH,74
K1HIJANI,75
H4NDJOSH,76
K2APDANI,77
L3HIALLI,78
L1NDGRAC,79
L4HIMICH,80
P1AMKARA,81
K1GAAUST,82
L2APJULI,83
K4HIDAVI,84
H4AMSHAN,85
L1ICJOSE,86
J1AMYEAB,87
H3ICJOAN,88
S4NDSARA,89
H1HIJEAN,90
A4ICJAMI,91
K2AMSYLV,92
C1HIHEND,93
H2HIANDR,94
B3NDKATH,95
K2ICVICT,96
J1GAJESS,97
P2HIJENN,98